Table 1 Composite Consumer Price Index (Base September 1985 = 100),,,,,,,,,,,,,,,,,,,,,,,
Table 1 Composite Consumer Price Index (Base November 2009 = 100),,,,,,,,,,,,,,,,,,,,,,,
,,All Items Index,,,,,All Items less Farm Produce,,,,,Food ,,,,,All Items less Farm Produce and Energy,,,,,,
,,Monthly,12-Month Average,Month-on change (%),Year-on change (%),12-Month average change (%),Monthly,12-Month Average,Month-on change (%),Year-on change (%),12-Month average change (%),Monthly,12-Month Average,Month-on change (%),Year-on change (%),12-Month average change (%),Monthly,12-Month Average,Month-on change (%),Year-on change (%),12-Month average change (%),,
Weights,,1000.00,,,,,513.10,,,,,507.06,,,,,405.55,,,,,,
1995,Jan,14.4,,,,,14.7,,,,,20.6,,,,,20.6,,,,,,95-Jan
,Feb,15.0,, 4.6 ,,,15.3,, 4.0 ,,,21.2,, 2.9 ,,,21.2,,2.9,,,,Feb
,Mar,15.6,, 3.6 ,,,15.8,, 3.0 ,,,21.9,, 3.6 ,,,21.9,,3.6,,,,Mar
,Apr,17.0,, 9.0 ,,,16.7,, 6.0 ,,,23.3,, 6.1 ,,,23.3,,6.1,,,,Apr
,May,18.0,, 6.2 ,,,17.1,, 2.0 ,,,23.8,, 2.1 ,,,23.8,,2.1,,,,May
,Jun,18.8,, 4.5 ,,,17.4,, 2.0 ,,,24.4,, 2.8 ,,,24.4,,2.8,,,,Jun
,Jul,19.4,, 3.3 ,,,17.9,, 2.5 ,,,25.2,, 3.0 ,,,25.2,,3.0,,,,Jul
,Aug,20.1,, 3.5 ,,,18.4,, 2.8 ,,,25.8,, 2.6 ,,,25.8,,2.6,,,,Aug
,Sep,20.5,, 1.7 ,,,19.0,, 3.7 ,,,26.4,, 2.3 ,,,26.4,,2.3,,,,Sep
,Oct,20.0,,-2.5 ,,,19.4,, 1.8 ,,,27.0,, 2.4 ,,,27.0,,2.4,,,,Oct
,Nov,20.2,, 1.4 ,,,19.7,, 1.4 ,,,27.5,, 1.9 ,,,27.5,,1.9,,,,Nov
,Dec,21.0,18.3, 3.6 ,,,20.1,17.6, 2.4 ,,,28.2,24.6, 2.2 ,,,28.2,24.6,2.2,,,,Dec
1996,Jan,21.2,18.9, 1.1 ,48,,20.7,18.1, 2.7 , 40.2 ,,28.4,25.3, 1.0 , 38.4 ,,28.4,25.3,1.0,38.4,,,96-Jan
,Feb,21.6,19.4, 1.8 ,44,,21.1,18.6, 2.1 , 37.7 ,,29.0,25.9, 2.1 , 37.3 ,,29.0,25.9,2.1,37.3,,,Feb
,Mar,22.1,20.0, 2.3 ,42,,21.5,19.1, 1.9 , 36.1 ,,29.6,26.5, 1.9 , 35.0 ,,29.6,26.5,1.9,35.0,,,Mar
,Apr,22.4,20.4, 1.3 ,32,,21.7,19.5, 0.9 , 29.6 ,,29.9,27.1, 0.9 , 28.4 ,,29.9,27.1,0.9,28.4,,,Apr
,May,23.6,20.9, 5.5 ,31,,22.0,19.9, 1.5 , 28.9 ,,30.4,27.7, 1.7 , 27.9 ,,30.4,27.7,1.7,27.9,,,May
,Jun,24.2,21.3, 2.8 ,29,,22.2,20.3, 0.7 , 27.2 ,,30.3,28.1,-0.2 , 24.2 ,,30.3,28.1,-0.2,24.2,,,Jun
,Jul,25.2,21.8, 3.8 ,30,,22.5,20.7, 1.4 , 26.0 ,,31.0,28.6, 2.1 , 23.1 ,,31.0,28.6,2.1,23.1,,,Jul
,Aug,25.5,22.3, 1.3 ,27,,22.6,21.0, 0.3 , 23.0 ,,31.2,29.1, 0.8 , 20.9 ,,31.2,29.1,0.8,20.9,,,Aug
,Sep,25.3,22.7,-0.7 ,24,,22.9,21.4, 1.2 , 20.1 ,,31.5,29.5, 1.1 , 19.4 ,,31.5,29.5,1.1,19.4,,,Sep
,Oct,24.9,23.1,-1.7 ,25,,22.7,21.6,-0.6 , 17.2 ,,31.4,29.9,-0.4 , 16.1 ,,31.4,29.9,-0.4,16.1,,,Oct
,Nov,24.4,23.4,-1.7 ,21,,22.8,21.9, 0.5 , 16.1 ,,31.5,30.2, 0.3 , 14.3 ,,31.5,30.2,0.3,14.3,,,Nov
,Dec,24.0,23.7,-2.0 ,14,29.3,23.2,22.2, 1.7 , 15.3 , 25.7 ,31.8,30.5, 1.0 , 12.9 , 24.0 ,31.8,30.5,1.0,12.9,24.0,,Dec
1997,Jan,24.2,23.9, 1.1 ,14,26.7,23.1,22.4,-0.5 , 11.7 , 23.4 ,31.7,30.8,-0.3 , 11.4 , 21.8 ,31.7,30.8,-0.3,11.4,21.8,,97-Jan
,Feb,24.5,24.2, 1.0 ,13,24.4,23.0,22.5,-0.5 , 8.9 , 21.0 ,31.6,31.0,-0.3 , 8.8 , 19.6 ,31.6,31.0,-0.3,8.8,19.6,,Feb
,Mar,25.1,24.4, 2.7 ,14,22.3,23.5,22.7, 2.3 , 9.3 , 18.9 ,32.6,31.2, 3.0 , 10.0 , 17.6 ,32.6,31.2,3.0,10.0,17.6,,Mar
,Apr,26.2,24.8, 4.2 ,17,21.2,23.6,22.8, 0.3 , 8.6 , 17.1 ,32.4,31.4,-0.3 , 8.6 , 16.0 ,32.4,31.4,-0.3,8.6,16.0,,Apr
,May,26.6,25.0, 1.7 ,13,19.7,23.6,23.0, 0.2 , 7.2 , 15.4 ,32.6,31.6, 0.6 , 7.4 , 14.4 ,32.6,31.6,0.6,7.4,14.4,,May
,Jun,27.1,25.2, 1.7 ,12,18.2,23.7,23.1, 0.2 , 6.6 , 13.7 ,32.8,31.8, 0.6 , 8.2 , 13.1 ,32.8,31.8,0.6,8.2,13.1,,Jun
,Jul,27.3,25.4, 0.7 ,8,16.4,23.7,23.2,-0.0 , 5.1 , 12.1 ,32.9,32.0, 0.1 , 6.2 , 11.8 ,32.9,32.0,0.1,6.2,11.8,,Jul
,Aug,27.5,25.6, 0.7 ,8,14.8,23.7,23.3,-0.0 , 4.8 , 10.6 ,32.9,32.1, 0.1 , 5.5 , 10.5 ,32.9,32.1,0.1,5.5,10.5,,Aug
,Sep,27.0,25.7,-1.8 ,7,13.4,23.9,23.4, 1.0 , 4.5 , 9.4 ,33.2,32.3, 0.8 , 5.2 , 9.4 ,33.2,32.3,0.8,5.2,9.4,,Sep
,Oct,26.5,25.8,-1.9 ,6,12.0,24.1,23.5, 1.0 , 6.1 , 8.5 ,33.4,32.4, 0.8 , 6.5 , 8.6 ,33.4,32.4,0.8,6.5,8.6,,Oct
,Nov,26.4,26.0,-0.1 ,8,11.0,24.3,23.6, 0.8 , 6.5 , 7.8 ,33.6,32.6, 0.5 , 6.8 , 8.1 ,33.6,32.6,0.5,6.8,8.1,,Nov
,Dec,26.4,26.2,-0.1 ,10,10.7,24.5,23.7, 0.8 , 5.6 , 7.0 ,33.8,32.8, 0.5 , 6.3 , 7.5 ,33.8,32.8,0.5,6.3,7.5,,Dec
1998,Jan,26.4,26.4,-0.2 ,9,10.2,24.6,23.8, 0.4 , 6.6 , 6.6 ,34.0,33.0, 0.7 , 7.4 , 7.2 ,34.0,33.0,0.7,7.4,7.2,,98-Jan
,Feb,26.5,26.6, 0.4 ,8,9.8,24.8,24.0, 0.9 , 8.1 , 6.6 ,33.9,33.2,-0.5 , 7.1 , 7.1 ,33.9,33.2,-0.5,7.1,7.1,,Feb
,Mar,26.9,26.7, 1.5 ,7,9.3,25.1,24.1, 1.2 , 7.0 , 6.4 ,33.7,33.3,-0.4 , 3.6 , 6.5 ,33.7,33.3,-0.4,3.6,6.5,,Mar
,Apr,27.5,26.8, 2.4 ,5,8.3,25.3,24.3, 0.6 , 7.3 , 6.3 ,33.7,33.4, 0.1 , 4.0 , 6.2 ,33.7,33.4,0.1,4.0,6.2,,Apr
,May,27.8,26.9, 1.1 ,4,7.6,25.7,24.5, 1.7 , 8.9 , 6.4 ,34.0,33.5, 0.8 , 4.2 , 5.9 ,34.0,33.5,0.8,4.2,5.9,,May
,Jun,28.8,27.1, 3.5 ,6,7.2,27.0,24.7, 5.0 , 14.2 , 7.1 ,34.3,33.6, 0.8 , 4.5 , 5.6 ,34.3,33.6,0.8,4.5,5.6,,Jun
,Jul,29.6,27.3, 2.9 ,9,7.2,27.1,25.0, 0.4 , 14.6 , 7.9 ,33.7,33.7,-1.6 , 2.7 , 5.3 ,33.7,33.7,-1.6,2.7,5.3,,Jul
,Aug,29.5,27.4,-0.4 ,7,7.2,27.5,25.3, 1.6 , 16.4 , 8.9 ,34.4,33.8, 1.8 , 4.4 , 5.2 ,34.4,33.8,1.8,4.4,5.2,,Aug
,Sep,28.8,27.6,-2.2 ,7,7.2,28.0,25.7, 1.8 , 17.4 , 10.0 ,34.4,33.9, 0.0 , 3.6 , 5.1 ,34.4,33.9,0.0,3.6,5.1,,Sep
,Oct,28.8,27.8, 0.0 ,9,7.5,28.6,26.1, 1.8 , 18.4 , 11.0 ,34.5,34.0, 0.4 , 3.3 , 4.8 ,34.5,34.0,0.4,3.3,4.8,,Oct
,Nov,29.3,28.0, 1.6 ,11,7.7,30.9,26.6, 8.1 , 26.9 , 12.7 ,34.6,34.1, 0.3 , 3.0 , 4.5 ,34.6,34.1,0.3,3.0,4.5,,Nov
,Dec,29.6,28.3, 0.9 ,12,7.9,30.9,27.1, 0.0 , 26.0 , 14.4 ,35.2,34.2, 1.8 , 4.3 , 4.3 ,35.2,34.2,1.8,4.3,4.3,,Dec
1999,Jan,30.1,28.6, 1.9 ,14,8.3,32.0,27.7, 3.6 , 29.9 , 16.4 ,35.3,34.3, 0.2 , 3.8 , 4.0 ,35.3,34.3,0.2,3.8,4.0,,99-Jan
,Feb,30.3,28.9, 0.4 ,14,8.8,32.0,28.3,-0.1 , 28.7 , 18.1 ,35.2,34.4,-0.4 , 3.8 , 3.8 ,35.2,34.4,-0.4,3.8,3.8,,Feb
,Mar,30.5,29.2, 0.8 ,14,9.4,31.8,28.9,-0.5 , 26.5 , 19.8 ,35.3,34.6, 0.5 , 4.8 , 3.9 ,35.3,34.6,0.5,4.8,3.9,,Mar
,Apr,30.7,29.5, 0.6 ,12,9.9,31.8,29.4, 0.0 , 25.8 , 21.3 ,35.3,34.7, 0.0 , 4.7 , 3.9 ,35.3,34.7,0.0,4.7,3.9,,Apr
,May,31.0,29.7, 0.9 ,11,10.5,31.9,30.0, 0.2 , 24.0 , 22.5 ,35.9,34.8, 1.7 , 5.7 , 4.0 ,35.9,34.8,1.7,5.7,4.0,,May
,Jun,31.2,29.9, 0.7 ,8,10.6,31.9,30.4,-0.1 , 17.9 , 22.8 ,36.3,35.0, 1.0 , 5.9 , 4.2 ,36.3,35.0,1.0,5.9,4.2,,Jun
,Jul,30.8,30.0,-1.2 ,4,10.2,31.5,30.7,-1.0 , 16.3 , 22.8 ,36.3,35.2,-0.1 , 7.5 , 4.6 ,36.3,35.2,-0.1,7.5,4.6,,Jul
,Aug,29.7,30.1,-3.5 ,1,9.6,31.1,31.0,-1.3 , 13.1 , 22.4 ,36.2,35.4,-0.3 , 5.3 , 4.6 ,36.2,35.4,-0.3,5.3,4.6,,Aug
,Sep,29.5,30.1,-0.7 ,2,9.2,30.5,31.2,-2.2 , 8.6 , 21.6 ,36.2,35.5,-0.0 , 5.3 , 4.8 ,36.2,35.5,0.0,5.3,4.8,,Sep
,Oct,29.3,30.1,-0.7 ,1,8.5,30.5,31.4, 0.0 , 6.7 , 20.5 ,36.3,35.7, 0.5 , 5.3 , 4.9 ,36.3,35.7,0.5,5.3,4.9,,Oct
,Nov,29.3,30.1, 0.1 ,0,7.6,30.6,31.4, 0.4 ,-0.8 , 17.9 ,36.6,35.9, 0.7 , 5.8 , 5.2 ,36.6,35.9,0.7,5.8,5.2,,Nov
,Dec,29.6,30.2, 1.1 ,0,6.6,31.3,31.4, 2.3 , 1.4 , 15.7 ,37.0,36.0, 1.0 , 5.0 , 5.2 ,37.0,36.0,1.0,5.0,5.2,,Dec
2000,Jan,29.4,30.1,-0.8 ,-2,5.2,31.2,31.3,-0.4 ,-2.5 , 12.9 ,29.1,35.5,-21.2 ,-17.5 , 3.4 ,37.1,36.1, 0.20 , 4.95 , 5.34 ,,00-Jan
2000,Feb,29.7,30.0, 1.2 ,-1.7 , 3.9 ,31.3,31.3, 0.4 ,-2.1 , 10.4 ,29.6,35.0, 1.6 ,-15.8 , 1.7 ,37.2,36.3, 0.50 , 5.94 , 5.51 ,,Feb
,Mar,30.1,30.0, 1.1 ,-1,2.7,31.9,31.3, 1.8 , 0.2 , 8.3 ,29.8,34.6, 0.6 ,-15.7 , 0.0 ,37.7,36.5, 1.23 , 6.73 , 5.68 ,,Mar
,Apr,30.7,30.0, 2.0 ,0,1.8,32.5,31.3, 1.9 , 2.0 , 6.4 ,30.3,34.1, 1.9 ,-14.1 ,-1.6 ,37.9,36.7, 0.47 , 7.22 , 5.89 ,,Apr
,May,31.6,30.1, 3.2 ,2,1.1,33.8,31.5, 4.0 , 5.8 , 5.1 ,31.0,33.7, 2.3 ,-13.6 ,-3.2 ,38.3,36.9, 1.14 , 6.59 , 5.97 ,,May
,Jun,33.0,30.2, 4.3 ,6,0.9,36.3,31.9, 7.5 , 13.9 , 4.9 ,31.6,33.3, 1.7 ,-13.0 ,-4.8 ,38.7,37.1, 1.01 , 6.59 , 6.02 ,,Jun
,Jul,32.8,30.4,-0.5 ,7,1.2,36.0,32.2,-0.8 , 14.1 , 4.9 ,31.6,32.9,-0.0 ,-13.0 ,-6.5 ,38.9,37.3, 0.54 , 7.23 , 6.01 ,,Jul
,Aug,33.6,30.7, 2.3 ,13,2.2,37.5,32.8, 4.3 , 20.5 , 5.6 ,31.8,32.6, 0.7 ,-12.1 ,-7.9 ,39.4,37.6, 1.27 , 8.88 , 6.30 ,,Aug
,Sep,34.1,31.1, 1.4 ,16,3.3,39.4,33.5, 4.9 , 29.2 , 7.3 ,31.4,32.2,-1.2 ,-13.2 ,-9.4 ,39.6,37.9, 0.41 , 9.38 , 6.65 ,,Sep
,Oct,34.3,31.5, 0.6 , 17.1 , 4.5 ,39.9,34.3, 1.4 , 31.0 , 9.3 ,31.4,31.8, 0.1 ,-13.5 ,-11.0 ,39.9,38.2, 0.79 , 9.71 , 7.02 ,,Oct
,Nov,33.8,31.9,-1.4 , 15.4 , 5.8 ,38.7,35.0,-3.0 , 26.6 , 11.5 ,31.4,31.3,-0.0 ,-14.2 ,-12.6 ,40.0,38.5, 0.25 , 9.17 , 7.30 ,,Nov
,Dec,33.9,32.2, 0.4 , 14.5 , 6.9 ,38.4,35.6,-0.8 , 22.7 , 13.3 ,31.8,30.9, 1.2 ,-14.1 ,-14.1 ,40.7,38.8, 1.93 , 10.17 , 7.73 ,,Dec
2001,Jan,34.6,32.7, 1.9 , 17.6 , 8.6 ,38.6,36.2, 0.5 , 23.8 , 15.5 ,32.7,31.2, 2.8 , 12.2 ,-12.1 ,41.2,39.1, 1.05 , 11.11 , 8.25 ,,24-Jan
,Feb,35.3,33.1, 2.0 , 18.6 , 10.3 ,38.9,36.8, 0.8 , 24.3 , 17.7 ,33.7,31.5, 3.1 , 13.8 ,-9.9 ,41.2,39.5, 0.08 , 10.65 , 8.64 ,,Feb
,Mar,35.5,33.6, 0.7 , 18.2 , 11.9 ,38.0,37.3,-2.2 , 19.4 , 19.3 ,34.6,31.9, 2.8 , 16.3 ,-7.6 ,41.9,39.8, 1.60 , 11.04 , 9.00 ,,Mar
,Apr,37.8,34.2, 6.3 , 23.2 , 13.9 ,37.7,37.8,-0.8 , 16.2 , 20.5 ,38.4,32.6, 11.0 , 26.7 ,-4.5 ,42.3,40.2, 1.13 , 11.77 , 9.38 ,,Apr
,May,38.9,34.8, 2.9 , 23.0 , 15.7 ,37.6,38.1,-0.3 , 11.3 , 20.9 ,40.4,33.4, 5.2 , 30.2 ,-1.0 ,43.0,40.6, 1.56 , 12.24 , 9.85 ,,May
,Jun,38.3,35.2,-1.5 , 16.1 , 16.6 ,34.9,38.0,-7.1 ,-3.8 , 19.2 ,41.2,34.2, 1.9 , 30.5 , 2.6 ,42.7,40.9,-0.62 , 10.44 , 10.17 ,,Jun
,Jul,39.1,35.8, 2.0 , 19.0 , 17.7 ,36.4,38.0, 4.2 , 1.2 , 17.9 ,42.0,35.1, 1.9 , 33.0 , 6.5 ,43.6,41.3, 2.10 , 12.14 , 10.58 ,,Jul
,Aug,39.9,36.3, 2.1 , 18.7 , 18.1 ,37.6,38.0, 3.2 , 0.1 , 16.0 ,42.6,36.0, 1.4 , 33.9 , 10.4 ,43.9,41.7, 0.53 , 11.32 , 10.78 ,,Aug
,Sep,40.6,36.8, 1.7 , 19.1 , 18.4 ,37.2,37.8,-1.0 ,-5.4 , 12.9 ,43.8,37.0, 2.9 , 39.5 , 15.0 ,43.0,42.0,-1.86 , 8.80 , 10.72 ,,Sep
,Oct,40.9,37.4, 0.8 , 19.3 , 18.6 ,38.8,37.7, 4.3 ,-2.8 , 10.0 ,43.1,38.0,-1.7 , 37.1 , 19.5 ,43.5,42.3, 1.02 , 9.05 , 10.66 ,,Oct
,Nov,39.7,37.9,-2.9 , 17.4 , 18.7 ,38.3,37.7,-1.2 ,-1.0 , 7.8 ,41.3,38.8,-4.1 , 31.5 , 23.8 ,44.4,42.6, 1.99 , 10.94 , 10.80 ,,Nov
,Dec,39.5,38.3,-0.4 , 16.5 , 18.9 ,38.5,37.7, 0.3 , 0.1 , 6.0 ,41.0,39.6,-0.8 , 28.9 , 28.0 ,45.0,43.0, 1.54 , 10.52 , 10.82 ,,Dec
2002,Jan,41.0,38.9, 3.7 , 18.6 , 18.9 ,40.5,37.9, 5.3 , 4.9 , 4.7 ,42.3,40.4, 3.2 , 29.3 , 29.4 ,44.2,43.2,-1.94 , 7.25 , 10.49 ,,02-Jan
,Feb,41.6,39.4, 1.6 , 18.0 , 18.9 ,40.6,38.0, 0.4 , 4.5 , 3.3 ,43.0,41.1, 1.9 , 27.8 , 30.4 ,44.8,43.5, 1.43 , 8.69 , 10.32 ,,Feb
,Mar,41.7,39.9, 0.2 , 17.4 , 18.8 ,40.7,38.2, 0.2 , 7.1 , 2.4 ,43.3,41.9, 0.6 , 25.0 , 31.0 ,45.4,43.8, 1.43 , 8.52 , 10.11 ,,Mar
,Apr,42.6,40.3, 2.2 , 12.8 , 17.9 ,41.2,38.5, 1.1 , 9.1 , 2.0 ,44.1,42.3, 1.9 , 14.8 , 29.8 ,44.5,44.0,-2.12 , 5.03 , 9.53 ,,Apr
,May,42.8,40.6, 0.6 , 10.2 , 16.8 ,40.9,38.8,-0.6 , 8.9 , 1.9 ,44.9,42.7, 1.7 , 11.1 , 27.9 ,44.8,44.2, 0.81 , 4.25 , 8.85 ,,May
,June,43.0,41.0, 0.3 , 12.2 , 16.4 ,41.8,39.4, 2.2 , 19.7 , 3.7 ,45.4,43.1, 1.2 , 10.3 , 25.9 ,45.4,44.4, 1.23 , 6.19 , 8.49 ,,June
,July,45.2,41.5, 5.1 , 15.6 , 16.2 ,41.3,39.8,-1.2 , 13.4 , 4.7 ,48.3,43.6, 6.3 , 15.1 , 24.3 ,45.4,44.5,-0.06 , 3.94 , 7.80 ,,July
,Aug,44.8,41.9,-0.8 , 12.3 , 15.6 ,42.5,40.2, 3.0 , 13.2 , 5.7 ,47.0,44.0,-2.6 , 10.5 , 22.2 ,47.0,44.8, 3.56 , 7.08 , 7.46 ,,Aug
,Sep,44.6,42.3,-0.4 , 10.0 , 14.8 ,43.2,40.7, 1.6 , 16.2 , 7.6 ,46.3,44.2,-1.5 , 5.7 , 19.4 ,48.3,45.2, 2.84 , 12.21 , 7.76 ,,Sep
,Oct,43.1,42.5,-3.4 , 5.4 , 13.6 ,43.8,41.1, 1.3 , 12.8 , 8.9 ,43.4,44.2,-6.3 , 0.7 , 16.4 ,47.1,45.5,-2.57 , 8.22 , 7.70 ,,Oct
,Nov,44.5,42.9, 3.3 , 12.2 , 13.2 ,45.9,41.7, 4.8 , 19.7 , 10.7 ,44.3,44.5, 2.1 , 7.3 , 14.6 ,48.9,45.9, 3.95 , 10.29 , 7.67 ,,Nov
,Dec,44.3,43.3,-0.4 , 12.2 , 12.9 ,46.5,42.4, 1.4 , 21.0 , 12.5 ,44.7,44.8, 0.9 , 9.1 , 13.1 ,51.8,46.5, 5.86 , 14.99 , 8.09 ,,Dec
2003,Jan,45.3,43.6, 2.2 , 10.6 , 12.3 ,47.0,43.0, 1.0 , 16.1 , 13.4 ,45.4,45.0, 1.6 , 7.5 , 11.6 ,50.1,47.0,-3.18 , 13.54 , 8.62 ,,03-Jan
,Feb,44.6,43.9,-1.5 , 7.3 , 11.4 ,46.4,43.4,-1.3 , 14.2 , 14.3 ,44.5,45.2,-2.0 , 3.5 , 9.7 ,50.2,47.4, 0.12 , 12.07 , 8.91 ,,Feb
,Mar,44.1,44.1,-1.1 , 5.9 , 10.5 ,47.0,44.0, 1.3 , 15.4 , 15.0 ,43.3,45.2,-2.7 , 0.1 , 7.9 ,51.7,47.9, 3.05 , 13.86 , 9.37 ,,Mar
,Apr,46.1,44.4, 4.5 , 8.3 , 10.1 ,48.1,44.5, 2.5 , 16.9 , 15.6 ,45.6,45.3, 5.2 , 3.3 , 6.9 ,52.3,48.6, 1.09 , 17.59 , 10.41 ,,Apr
,May,46.6,44.7, 0.9 , 8.7 , 10.0 ,48.1,45.1,-0.0 , 17.6 , 16.3 ,46.4,45.4, 1.7 , 3.3 , 6.3 ,51.8,49.2,-1.03 , 15.45 , 11.33 ,,May
,June,49.0,45.2, 5.2 , 14.0 , 10.1 ,51.1,45.9, 6.2 , 22.2 , 16.6 ,48.3,45.6, 4.1 , 6.2 , 6.0 ,53.4,49.8, 3.17 , 17.66 , 12.28 ,,June
,Jul,51.0,45.7, 4.1 , 12.9 , 10.0 ,58.3,47.3, 14.1 , 41.2 , 19.0 ,48.4,45.6, 0.2 , 0.1 , 4.7 ,55.3,50.7, 3.62 , 21.99 , 13.79 ,,July
,Aug,50.3,46.1,-1.3 , 12.4 , 10.0 ,55.7,48.4,-4.5 , 30.9 , 20.5 ,47.5,45.7,-1.9 , 0.9 , 3.9 ,56.4,51.4, 1.90 , 20.03 , 14.88 ,,Aug
,Sep,52.8,46.8, 4.9 , 18.4 , 10.7 ,58.9,49.7, 5.8 , 36.3 , 22.2 ,49.2,45.9, 3.7 , 6.2 , 4.0 ,59.2,52.3, 4.92 , 22.46 , 15.77 ,,Sept
,Oct,53.2,47.7, 0.8 , 23.6 , 12.3 ,61.6,51.2, 4.6 , 40.7 , 24.6 ,49.1,46.4,-0.2 , 13.2 , 5.0 ,60.2,53.4, 1.69 , 27.82 , 17.41 ,,Oct
,Nov,54.0,48.5, 1.4 , 21.3 , 13.0 ,62.2,52.6, 1.0 , 35.7 , 26.0 ,49.8,46.9, 1.4 , 12.4 , 5.4 ,62.5,54.6, 3.98 , 27.85 , 18.91 ,,Nov
,Dec,54.9,49.3, 1.7 , 23.8 , 14.0 ,62.7,53.9, 0.8 , 34.8 , 27.2 ,51.6,47.4, 3.7 , 15.4 , 6.0 ,64.8,55.7, 3.56 , 25.07 , 19.80 ,,Dec
2004,Jan,55.5,50.2, 1.0 , 22.4 , 15.0 ,64.9,55.4, 3.4 , 38.0 , 29.0 ,50.9,47.9,-1.5 , 11.9 , 6.3 ,63.4,56.8,-2.17 , 26.37 , 20.87 ,,04-Jan
,Feb,55.7,51.1, 0.5 , 24.8 , 16.5 ,65.5,57.0, 0.9 , 41.1 , 31.2 ,51.0,48.4, 0.3 , 14.5 , 7.2 ,63.5,57.9, 0.16 , 26.42 , 22.06 ,,Feb
,Mar,54.1,51.9,-3.0 , 22.5 , 17.8 ,62.3,58.3,-4.8 , 32.6 , 32.6 ,50.1,49.0,-1.8 , 15.6 , 8.5 ,66.0,59.0, 3.93 , 27.50 , 23.19 ,,Mar
,Apr,54.2,52.6, 0.3 , 17.5 , 18.5 ,59.0,59.2,-5.4 , 22.5 , 32.9 ,52.2,49.5, 4.1 , 14.4 , 9.4 ,60.4,59.7,-8.50 , 15.41 , 22.92 ,,Apr
,May,55.8,53.4, 2.9 , 19.8 , 19.4 ,59.4,60.1, 0.7 , 23.4 , 33.2 ,54.7,50.2, 4.9 , 18.0 , 10.6 ,60.8,60.5, 0.79 , 17.53 , 23.02 ,,May
,June,55.9,53.9, 0.2 , 14.1 , 19.4 ,58.6,60.8,-1.3 , 14.7 , 32.3 ,55.3,50.8, 1.0 , 14.5 , 11.3 ,61.2,61.1, 0.56 , 14.56 , 22.67 ,,June
,July,56.4,54.4, 1.0 , 10.7 , 19.1 ,61.7,61.0, 5.3 , 5.8 , 29.0 ,54.3,51.3,-1.8 , 12.2 , 12.4 ,61.3,61.6, 0.15 , 10.73 , 21.63 ,,July
,Aug,56.9,54.9, 0.8 , 13.0 , 19.1 ,60.7,61.5,-1.6 , 9.1 , 26.9 ,55.2,52.0, 1.7 , 16.3 , 13.7 ,62.8,62.1, 2.46 , 11.34 , 20.81 ,,Aug
,Sep,57.6,55.3, 1.3 , 9.1 , 18.2 ,61.0,61.6, 0.5 , 3.6 , 23.9 ,56.4,52.5, 2.1 , 14.6 , 14.4 ,63.0,62.5, 0.44 , 6.58 , 19.35 ,,Sep
,Oct,59.0,55.8, 2.3 , 10.7 , 17.1 ,63.7,61.8, 4.4 , 3.4 , 20.7 ,56.7,53.2, 0.5 , 15.4 , 14.6 ,64.0,62.8, 1.47 , 6.35 , 17.51 ,,Oct
,Nov,59.4,56.3, 0.8 , 10.0 , 16.1 ,64.3,62.0, 0.9 , 3.2 , 17.9 ,57.3,53.8, 1.1 , 15.1 , 14.8 ,65.4,63.0, 2.28 , 4.62 , 15.50 ,,Nov
,Dec,60.4,56.7, 1.7 , 10.0 , 15.0 ,66.4,62.3, 3.4 , 5.9 , 15.5 ,57.9,54.3, 1.0 , 12.1 , 14.5 ,63.6,62.9,-2.78 ,-1.78 , 13.09 ,,Dec
2005,Jan,60.9,57.2, 0.9 , 9.8 , 14.0 ,66.1,62.4,-0.4 , 2.0 , 12.6 ,58.5,55.0, 1.2 , 15.1 , 14.8 ,64.1,63.0, 0.82 , 1.23 , 11.00 ,,05-Jan
,Feb,61.8,57.7, 1.5 , 10.9 , 12.9 ,65.2,62.4,-1.4 ,-0.4 , 9.4 ,60.6,55.8, 3.5 , 18.7 , 15.2 ,65.5,63.2, 2.05 , 3.13 , 9.17 ,,Feb
,Mar,62.9,58.4, 1.7 , 16.3 , 12.5 ,64.6,62.6,-0.9 , 3.6 , 7.3 ,62.6,56.8, 3.4 , 25.0 , 16.0 ,66.4,63.2, 1.44 , 0.66 , 7.04 ,,Mar
,Apr,63.9,59.2, 1.7 , 17.9 , 12.6 ,67.1,63.2, 3.9 , 13.8 , 6.8 ,62.7,57.7, 0.2 , 20.3 , 16.5 ,68.9,63.9, 3.84 , 14.23 , 7.03 ,,Apr
,May,65.2,60.0, 1.9 , 16.8 , 12.5 ,69.2,64.1, 3.2 , 16.6 , 6.5 ,63.4,58.4, 1.0 , 15.7 , 16.3 ,70.1,64.7, 1.68 , 15.24 , 6.97 ,,May
,Jun,66.3,60.9, 1.7 , 18.6 , 12.9 ,68.1,64.8,-1.6 , 16.2 , 6.7 ,65.3,59.2, 3.0 , 18.0 , 16.6 ,72.1,65.6, 2.78 , 17.78 , 7.32 ,,June
,Jul,71.2,62.1, 7.4 , 26.1 , 14.2 ,68.3,65.4, 0.3 , 10.7 , 7.1 ,73.7,60.8, 12.8 , 35.7 , 18.6 ,71.6,66.5,-0.60 , 16.90 , 7.86 ,,July
,Aug,72.9,63.5, 2.5 , 28.2 , 15.5 ,68.1,66.0,-0.4 , 12.1 , 7.4 ,76.5,62.6, 3.8 , 38.5 , 20.5 ,71.0,67.1,-0.87 , 13.10 , 8.04 ,,Aug
,Sep,71.6,64.6,-1.8 , 24.3 , 16.8 ,69.9,66.8, 2.7 , 14.6 , 8.3 ,73.0,64.0,-4.5 , 29.5 , 21.8 ,72.3,67.9, 1.86 , 14.70 , 8.72 ,,Sep
,Oct,69.9,65.5,-2.4 , 18.6 , 17.4 ,69.7,67.3,-0.3 , 9.4 , 8.8 ,70.6,65.2,-3.3 , 24.6 , 22.5 ,72.5,68.6, 0.28 , 13.36 , 9.30 ,,Oct
,Nov,68.4,66.3,-2.2 , 15.1 , 17.8 ,68.6,67.6,-1.5 , 6.8 , 9.1 ,68.6,66.1,-2.8 , 19.7 , 22.9 ,70.4,69.0,-2.86 , 7.66 , 9.54 ,,Nov
,Dec,67.4,66.9,-1.5 , 11.6 , 17.9 ,68.0,67.8,-0.9 , 2.4 , 8.8 ,66.8,66.9,-2.5 , 15.5 , 23.1 ,69.4,69.5,-1.45 , 9.12 , 10.48 ,,Dec
2006,Jan,67.4,67.4, 0.1 , 10.7 , 17.9 ,69.0,68.0, 1.4 , 4.3 , 9.0 ,67.1,67.6, 0.5 , 14.7 , 22.9 ,71.6,70.2, 3.19 , 11.68 , 11.36 ,,06-Jan
,Feb,68.5,68.0, 1.6 , 10.8 , 17.8 ,72.4,68.6, 5.0 , 11.1 , 10.0 ,66.9,68.1,-0.3 , 10.5 , 22.1 ,73.2,70.8, 2.24 , 11.89 , 12.09 ,,Feb
,Mar,70.4,68.6, 2.8 , 12.0 , 17.4 ,75.1,69.5, 3.7 , 16.3 , 11.1 ,68.4,68.6, 2.3 , 9.3 , 20.7 ,74.3,71.5, 1.43 , 11.88 , 13.07 ,,Mar
,Apr,72.0,69.3, 2.2 , 12.6 , 16.9 ,78.3,70.4, 4.2 , 16.6 , 11.3 ,68.8,69.1, 0.5 , 9.6 , 19.8 ,76.8,72.1, 3.45 , 11.46 , 12.83 ,,Apr
,May,72.0,69.8, 0.1 , 10.5 , 16.4 ,79.3,71.2, 1.3 , 14.5 , 11.2 ,68.8,69.5, 0.1 , 8.6 , 19.1 ,79.5,72.9, 3.50 , 13.46 , 12.70 ,,May
,Jun,71.9,70.3,-0.2 , 8.5 , 15.5 ,77.4,72.0,-2.4 , 13.6 , 11.0 ,69.4,69.9, 0.8 , 6.2 , 18.0 ,82.1,73.7, 3.27 , 13.99 , 12.42 ,,June
,Jul,73.3,70.5, 2.0 , 3.0 , 13.5 ,77.6,72.8, 0.3 , 13.6 , 11.3 ,70.9,69.7, 2.3 ,-3.7 , 14.5 ,82.5,74.7, 0.46 , 15.20 , 12.33 ,,July
,Aug,75.7,70.7, 3.2 , 3.7 , 11.4 ,77.9,73.6, 0.4 , 14.5 , 11.5 ,74.7,69.5, 5.3 ,-2.3 , 11.0 ,79.4,75.4,-3.73 , 11.89 , 12.23 ,,August
,Sep,76.1,71.1, 0.6 , 6.3 , 10.0 ,77.3,74.2,-0.8 , 10.6 , 11.2 ,76.1,69.8, 1.8 , 4.3 , 9.0 ,80.3,76.0, 1.06 , 11.01 , 11.93 ,,Sept
,Oct,74.2,71.4,-2.5 , 6.1 , 9.0 ,76.0,74.7,-1.7 , 9.0 , 11.1 ,73.9,70.0,-2.9 , 4.7 , 7.5 ,82.0,76.8, 2.13 , 13.06 , 11.92 ,,Oct
,Nov,73.7,71.9,-0.7 , 7.8 , 8.5 ,76.9,75.4, 1.3 , 12.1 , 11.6 ,72.3,70.4,-2.2 , 5.4 , 6.4 ,83.3,77.9, 1.62 , 18.27 , 12.80 ,,Nov
,Dec,73.1,72.4,-0.8 , 8.5 , 8.2 ,79.7,76.4, 3.6 , 17.3 , 12.8 ,69.4,70.6,-4.0 , 3.9 , 5.6 ,85.1,79.2, 2.16 , 22.61 , 13.89 ,,Dec
2007,Jan,72.8,72.8,-0.4 , 8.0 , 8.0 ,82.3,77.5, 3.2 , 19.3 , 14.0 ,67.1,70.6,-3.4 ,-0.1 , 4.4 ,81.1,80.0,-4.77 , 13.15 , 14.00 ,,07-Jan
,Feb,73.4,73.2, 0.8 , 7.1 , 7.7 ,80.4,78.2,-2.3 , 11.0 , 14.0 ,69.1,70.7, 3.1 , 3.3 , 3.9 ,79.8,80.5,-1.53 , 8.98 , 13.73 ,,Feb
,Mar,74.1,73.5, 1.0 , 5.2 , 7.2 ,81.8,78.7, 1.7 , 8.9 , 13.4 ,69.6,70.8, 0.7 , 1.7 , 3.3 ,81.9,81.2, 2.59 , 10.23 , 13.57 ,,Mar
,Apr,75.0,73.8, 1.2 , 4.2 , 6.5 ,82.5,79.1, 0.8 , 5.4 , 12.4 ,70.2,71.0, 0.9 , 2.1 , 2.7 ,81.8,81.6,-0.06 , 6.49 , 13.11 ,,Apr
,May,75.4,74.1, 0.5 , 4.6 , 6.0 ,83.0,79.4, 0.6 , 4.6 , 11.5 ,70.5,71.1, 0.4 , 2.4 , 2.2 ,81.7,81.8,-0.15 , 2.73 , 12.13 ,,May
,Jun,76.5,74.4, 1.5 , 6.4 , 5.9 ,84.8,80.0, 2.3 , 9.6 , 11.1 ,71.6,71.3, 1.6 , 3.2 , 2.0 ,81.9,81.7, 0.22 ,-0.31 , 10.83 ,,June
,Jul,76.9,74.7, 0.5 , 4.8 , 6.0 ,85.3,80.7, 0.6 , 9.9 , 10.8 ,71.7,71.4, 0.2 , 1.1 , 2.4 ,82.2,81.7, 0.35 ,-0.42 , 9.44 ,,July
,Aug,78.9,75.0, 2.6 , 4.2 , 6.1 ,86.7,81.4, 1.6 , 11.2 , 10.6 ,73.9,71.3, 3.0 ,-1.2 , 2.5 ,83.9,82.1, 2.12 , 5.62 , 8.91 ,,Aug
,Sep,79.3,75.3, 0.5 , 4.1 , 5.9 ,85.4,82.1,-1.5 , 10.5 , 10.6 ,75.5,71.2, 2.2 ,-0.8 , 2.1 ,83.2,82.3,-0.82 , 3.66 , 8.29 ,,Sep
,Oct,77.6,75.5,-2.1 , 4.6 , 5.7 ,84.1,82.8,-1.5 , 10.7 , 10.7 ,73.9,71.2,-2.2 ,-0.1 , 1.7 ,81.2,82.3,-2.38 ,-0.92 , 7.09 ,,Oct
,Nov,77.5,75.9,-0.1 , 5.2 , 5.5 ,82.6,83.2,-1.8 , 7.4 , 10.3 ,74.6,71.4, 1.0 , 3.2 , 1.5 ,79.7,82.0,-1.89 ,-4.34 , 5.23 ,,Nov
,Dec,77.9,76.3, 0.6 , 6.6 , 5.4 ,82.6,83.5, 0.0 , 3.6 , 9.2 ,75.1,71.9, 0.7 , 8.2 , 1.9 ,79.6,81.5,-0.18 ,-6.53 , 2.91 ,,Dec
2008,Jan,79.1,76.8, 1.4 , 8.6 , 5.5 ,84.4,83.6, 2.1 , 2.5 , 7.9 ,75.5,72.6, 0.5 , 12.6 , 2.9 ,82.2,81.6, 3.34 , 1.43 , 2.02 ,,08-Jan
,Feb,79.3,77.3, 0.3 , 8.0 , 5.5 ,85.5,84.1, 1.4 , 6.4 , 7.5 ,75.2,73.1,-0.5 , 8.7 , 3.3 ,84.9,82.0, 3.29 , 6.40 , 1.85 ,,Feb
,Mar,79.9,77.8, 0.8 , 7.8 , 5.8 ,82.2,84.1,-3.9 , 0.5 , 6.8 ,78.2,73.8, 4.1 , 12.4 , 4.2 ,80.8,81.9,-4.89 ,-1.36 , 0.94 ,,Mar
,Apr,81.1,78.3, 1.6 , 8.2 , 6.1 ,83.5,84.2, 1.5 , 1.2 , 6.4 ,79.4,74.6, 1.5 , 13.1 , 5.1 ,83.0,82.0, 2.78 , 1.45 , 0.55 ,,Apr
,May,82.7,78.9, 1.9 , 9.7 , 6.5 ,85.7,84.4, 2.7 , 3.3 , 6.3 ,80.8,75.4, 1.7 , 14.7 , 6.1 ,84.8,82.3, 2.09 , 3.73 , 0.64 ,,May
,Jun,85.7,79.6, 3.7 , 12.0 , 7.0 ,87.9,84.7, 2.5 , 3.6 , 5.8 ,84.5,76.5, 4.6 , 18.1 , 7.4 ,88.4,82.8, 4.29 , 7.95 , 1.33 ,,June
,Jul,87.6,80.5, 2.2 , 14.0 , 7.8 ,89.4,85.0, 1.7 , 4.8 , 5.4 ,86.7,77.8, 2.6 , 20.9 , 9.0 ,87.6,83.3,-0.88 , 6.62 , 1.92 ,,July
,Aug,88.6,81.3, 1.2 , 12.4 , 8.5 ,90.0,85.3, 0.7 , 3.9 , 4.8 ,87.7,78.9, 1.2 , 18.8 , 10.7 ,89.4,83.7, 2.09 , 6.59 , 2.02 ,,August
,Sep,89.6,82.2, 1.1 , 13.0 , 9.2 ,91.3,85.8, 1.4 , 6.9 , 4.5 ,88.5,80.0, 0.8 , 17.1 , 12.3 ,90.2,84.3, 0.80 , 8.33 , 2.42 ,,Sept
,Oct,89.0,83.2,-0.6 , 14.7 , 10.1 ,90.8,86.3,-0.6 , 7.9 , 4.3 ,88.0,81.2,-0.5 , 19.2 , 14.0 ,90.5,85.1, 0.39 , 11.41 , 3.43 ,,Oct
,Nov,89.0,84.1,-0.05 , 14.8 , 10.9 ,90.3,87.0,-0.5 , 9.3 , 4.5 ,88.1,82.3, 0.1 , 18.1 , 15.3 ,90.1,85.9,-0.45 , 13.05 , 4.87 ,,Nov
,Dec,89.7,85.1, 0.8 , 15.1 , 11.6 ,91.2,87.7, 1.0 , 10.4 , 5.1 ,88.6,83.4, 0.6 , 18.0 , 16.1 ,91.7,87.0, 1.80 , 15.30 , 6.71 ,,Dec
2009,Jan,90.2,86.0, 0.5 , 14.0 , 12.0 ,91.1,88.3,-0.1 , 8.0 , 5.5 ,89.5,84.6, 0.9 , 18.4 , 16.5 ,92.6,87.8, 0.91 , 12.59 , 7.64 ,,09-Jan
,Feb,90.8,87.0, 0.7 , 14.6 , 12.6 ,91.7,88.8, 0.6 , 7.2 , 5.6 ,90.2,85.9, 0.8 , 20.0 , 17.5 ,92.6,88.5, 0.09 , 9.10 , 7.87 ,,Feb
,Mar,91.4,87.9, 0.6 , 14.4 , 13.1 ,92.0,89.6, 0.3 , 11.8 , 6.5 ,90.9,86.9, 0.8 , 16.2 , 17.7 ,93.1,89.5, 0.53 , 15.32 , 9.25 ,,Mar
,Apr,91.9,88.8, 0.6 , 13.3 , 13.5 ,92.5,90.3, 0.6 , 10.9 , 7.3 ,91.6,87.9, 0.7 , 15.3 , 17.9 ,94.1,90.4, 0.99 , 13.31 , 10.24 ,,Apr
,May,93.6,89.8, 1.8 , 13.2 , 13.8 ,94.2,91.0, 1.8 , 9.9 , 7.8 ,93.5,89.0, 2.0 , 15.7 , 17.9 ,95.4,91.3, 1.44 , 12.59 , 10.98 ,,May
,June,95.3,90.6, 1.8 , 11.2 , 13.7 ,95.3,91.7, 1.2 , 8.5 , 8.3 ,95.6,89.9, 2.2 , 13.1 , 17.5 ,96.6,92.0, 1.26 , 9.32 , 11.08 ,,June
,July,97.3,91.4, 2.1 , 11.1 , 13.4 ,96.8,92.3, 1.5 , 8.3 , 8.6 ,97.9,90.8, 2.4 , 12.9 , 16.8 ,98.4,92.9, 1.89 , 12.38 , 11.56 ,,Jul
,Aug,98.4,92.2, 1.1 , 11.0 , 13.3 ,97.3,92.9, 0.5 , 8.0 , 8.9 ,98.9,91.8, 1.1 , 12.7 , 16.3 ,97.7,93.6,-0.75 , 9.25 , 11.77 ,,Aug
,Sep,98.9,93.0, 0.5 , 10.4 , 13.1 ,98.1,93.4, 0.8 , 7.4 , 8.9 ,99.5,92.7, 0.6 , 12.5 , 15.9 ,98.5,94.3, 0.83 , 9.28 , 11.83 ,,Sep
,Oct,99.4,93.8, 0.5 , 11.6 , 12.8 ,98.9,94.1, 0.8 , 8.9 , 9.0 ,99.9,93.7, 0.4 , 13.5 , 15.4 ,99.1,95.0, 0.56 , 9.47 , 11.66 ,,Oct
,Nov,100.0,94.7, 0.7 , 12.4 , 12.6 ,100.0,94.9, 1.1 , 10.7 , 9.1 ,100.0,94.7, 0.1 , 13.5 , 15.0 ,100.0,95.8, 0.94 , 10.99 , 11.49 ,,Nov
,Dec,102.2,95.8, 2.2 , 13.9 , 12.5 ,101.5,95.8, 1.5 , 11.2 , 9.2 ,102.4,95.8, 2.4 , 15.5 , 14.8 ,101.9,96.7, 1.94 , 11.14 , 11.17 ,,Dec
2010,Jan,103.1,96.9, 1.0 , 14.4 , 12.6 ,102.1,96.7, 0.6 , 12.1 , 9.6 ,103.7,97.0, 1.3 , 15.9 , 14.7 ,102.6,97.5, 0.60 , 10.79 , 11.03 ,,10-Jan
,Feb,105.0,98.0, 1.9 , 15.6 , 12.7 ,104.5,97.8, 2.3 , 14.0 , 10.1 ,104.8,98.2, 1.1 , 16.2 , 14.4 ,105.0,98.5, 2.38 , 13.33 , 11.38 ,,Feb
,Mar,104.9,99.2,-0.1 , 14.8 , 12.8 ,104.1,98.8,-0.4 , 13.2 , 10.3 ,105.3,99.4, 0.4 , 15.8 , 14.4 ,104.6,99.5,-0.38 , 12.30 , 11.17 ,,Mar
,Apr,105.7,100.3, 0.8 , 15.0 , 12.9 ,104.4,99.8, 0.3 , 12.8 , 10.4 ,106.6,100.7, 1.2 , 16.3 , 14.5 ,105.1,100.4, 0.52 , 11.77 , 11.05 ,,Apr
,May,105.7,101.3,-0.04 , 12.9 , 12.9 ,105.2,100.7, 0.8 , 11.7 , 10.6 ,105.7,101.7,-0.8 , 13.0 , 14.3 ,106.5,101.3, 1.32 , 11.64 , 10.99 ,,May
,Jun,108.8,102.4, 2.91 , 14.1 , 13.1 ,107.4,101.7, 2.1 , 12.7 , 10.9 ,110.0,102.9, 4.1 , 15.1 , 14.4 ,108.6,102.3, 1.96 , 12.40 , 11.24 ,,Jun
,Jul,109.9,103.5, 1.08 , 13.0 , 13.3 ,107.7,102.6, 0.3 , 11.3 , 11.2 ,111.6,104.0, 1.5 , 14.0 , 14.5 ,108.8,103.2, 0.21 , 10.56 , 11.09 ,,Jul
,Aug,111.9,104.6, 1.76 , 13.7 , 13.5 ,109.3,103.6, 1.5 , 12.4 , 11.5 ,113.8,105.3, 2.0 , 15.1 , 14.7 ,110.4,104.3, 1.45 , 13.01 , 11.41 ,,Aug
,Sep,112.4,105.7, 0.46 , 13.6 , 13.8 ,110.7,104.7, 1.3 , 12.8 , 12.0 ,114.0,106.5, 0.1 , 14.6 , 14.9 ,111.7,105.4, 1.17 , 13.39 , 11.75 ,,Sep
,Oct,112.7,106.9, 0.30 , 13.4 , 13.9 ,111.9,105.7, 1.1 , 13.2 , 12.3 ,114.0,107.7,-0.0 , 14.1 , 14.9 ,112.0,106.4, 0.25 , 13.04 , 12.04 ,,Oct
,Nov,112.8,107.9, 0.04 , 12.8 , 13.9 ,111.7,106.7,-0.1 , 11.7 , 12.4 ,114.4,108.9, 0.3 , 14.4 , 15.0 ,111.3,107.4,-0.59 , 11.33 , 12.06 ,,Nov
,Dec,114.2,108.9, 1.29 , 11.8 , 13.7 ,112.6,107.6, 0.7 , 10.9 , 12.4 ,115.4,109.9, 0.9 , 12.7 , 14.7 ,112.5,108.3, 1.05 , 10.35 , 11.99 ,,Dec
2011,Jan,115.6,110.0, 1.20 , 12.1 , 13.5 ,114.5,108.7, 1.7 , 12.1 , 12.4 ,114.3,110.8,-0.9 , 10.3 , 14.2 ,113.0,109.1, 0.46 , 10.20 , 11.92 ,,11-Jan
,Feb,116.7,110.9, 0.96 , 11.1 , 13.2 ,115.5,109.6, 0.9 , 10.6 , 12.1 ,117.7,111.9, 2.9 , 12.2 , 13.9 ,115.5,110.0, 2.20 , 10.01 , 11.64 ,,Feb
,Mar,118.3,112.1, 1.37 , 12.8 , 13.0 ,117.5,110.7, 1.7 , 12.8 , 12.1 ,118.1,113.0, 0.4 , 12.2 , 13.6 ,117.5,111.1, 1.71 , 12.32 , 11.65 ,,Mar
,Apr,117.7,113.0,-0.54 , 11.3 , 12.7 ,117.9,111.8, 0.3 , 12.9 , 12.1 ,119.0,114.0, 0.7 , 11.6 , 13.2 ,117.9,112.2, 0.40 , 12.17 , 11.69 ,,Apr
,May,118.7,114.1, 0.91 , 12.4 , 12.6 ,118.9,113.0, 0.9 , 13.0 , 12.2 ,118.5,115.1,-0.3 , 12.2 , 13.2 ,119.0,113.2, 0.88 , 11.69 , 11.69 ,,May
,Jun,119.9,115.1, 0.97 , 10.2 , 12.3 ,119.8,114.0, 0.7 , 11.5 , 12.1 ,120.1,115.9, 1.3 , 9.2 , 12.7 ,119.8,114.1, 0.70 , 10.31 , 11.51 ,,Jun
,Jul,120.3,115.9, 0.32 , 9.4 , 12.0 ,120.1,115.0, 0.2 , 11.5 , 12.1 ,120.4,116.6, 0.2 , 7.9 , 12.1 ,119.9,115.0, 0.04 , 10.12 , 11.47 ,,Jul
,Aug,122.3,116.8, 1.67 , 9.3 , 11.6 ,121.2,116.0, 0.9 , 10.9 , 12.0 ,123.7,117.5, 2.7 , 8.7 , 11.6 ,121.1,115.9, 1.03 , 9.66 , 11.19 ,,Aug
,Sep,124.0,117.8, 1.41 , 10.3 , 11.4 ,123.5,117.1, 1.9 , 11.6 , 11.9 ,124.8,118.4, 0.9 , 9.5 , 11.2 ,122.7,116.8, 1.31 , 9.81 , 10.89 ,,Sep
,Oct,124.6,118.8, 0.49 , 10.5 , 11.1 ,124.8,118.2, 1.1 , 11.5 , 11.7 ,125.0,119.3, 0.2 , 9.7 , 10.8 ,124.0,117.8, 1.04 , 10.68 , 10.71 ,,Oct
,Nov,124.7,119.7, 0.04 , 10.5 , 11.0 ,124.6,119.2,-0.2 , 11.5 , 11.7 ,125.4,120.2, 0.3 , 9.6 , 10.4 ,123.5,118.9,-0.37 , 10.93 , 10.68 ,,Nov
,Dec,126.0,120.7, 1.06 , 10.3 , 10.8 ,124.8,120.2, 0.2 , 10.8 , 11.7 ,128.1,121.3, 2.2 , 11.0 , 10.3 ,123.6,119.8, 0.11 , 9.90 , 10.64 ,,Dec
2012,Jan,130.2,121.9, 3.35 , 12.6 , 10.9 ,129.1,121.5, 3.5 , 12.7 , 11.8 ,129.3,122.5, 0.9 , 13.1 , 10.5 ,129.2,121.1, 4.52 , 14.34 , 10.99 ,,12-Jan
,Feb,130.5,123.1, 0.28 , 11.9 , 11.0 ,129.3,122.6, 0.1 , 11.9 , 11.9 ,129.1,123.5,-0.1 , 9.7 , 10.3 ,129.4,122.3, 0.11 , 12.01 , 11.16 ,,12-Feb
,Mar,132.6,124.3, 1.59 , 12.1 , 10.9 ,135.1,124.1, 4.5 , 15.0 , 12.1 ,132.1,124.6, 2.3 , 11.8 , 10.3 ,134.5,123.7, 3.96 , 14.48 , 11.36 ,,12-Mar
,Apr,132.8,125.5, 0.13 , 12.9 , 11.1 ,135.2,125.5, 0.1 , 14.7 , 12.2 ,132.3,125.7, 0.2 , 11.2 , 10.3 ,134.7,125.1, 0.16 , 14.22 , 11.55 ,,Apr
,May,133.8,126.8, 0.75 , 12.7 , 11.1 ,136.7,127.0, 1.1 , 14.9 , 12.4 ,133.9,127.0, 1.2 , 12.9 , 10.4 ,136.3,126.5, 1.19 , 14.56 , 11.80 ,,May
,Jun,135.3,128.1, 1.15 , 12.9 , 11.3 ,138.0,128.5, 1.0 , 15.2 , 12.7 ,134.5,128.2, 0.5 , 12.0 , 10.6 ,136.2,127.9,-0.06 , 13.70 , 12.08 ,,Jun
,Jul,135.7,129.4, 0.24 , 12.8 , 11.6 ,138.1,130.0, 0.1 , 15.0 , 13.0 ,135.0,129.4, 0.3 , 12.1 , 11.0 ,136.5,129.3, 0.21 , 13.90 , 12.40 ,,Jul
,Aug,136.6,130.6, 0.67 , 11.7 , 11.8 ,139.0,131.5, 0.6 , 14.7 , 13.3 ,135.9,130.4, 0.7 , 9.9 , 11.1 ,137.1,130.6, 0.41 , 13.20 , 12.68 ,,Aug
,Sep,138.0,131.7, 1.01 , 11.3 , 11.9 ,139.7,132.9, 0.5 , 13.1 , 13.5 ,137.5,131.5, 1.1 , 10.2 , 11.1 ,137.7,131.9, 0.45 , 12.23 , 12.87 ,,Sep
,Oct,139.2,132.9, 0.88 , 11.7 , 11.9 ,140.3,134.1, 0.4 , 12.4 , 13.5 ,138.8,132.7, 1.0 , 11.1 , 11.2 ,138.1,133.1, 0.29 , 11.39 , 12.92 ,,Oct
,Nov,140.0,134.2, 0.60 , 12.3 , 12.1 ,140.9,135.5, 0.4 , 13.1 , 13.6 ,139.8,133.9, 0.7 , 11.6 , 11.4 ,138.7,134.3, 0.48 , 12.35 , 13.02 ,,Nov
,Dec,141.1,135.5, 0.75 , 12.0 , 12.2 ,141.8,136.9, 0.7 , 13.7 , 13.9 ,141.2,135.0, 1.0 , 10.2 , 11.3 ,139.6,135.7, 0.63 , 12.93 , 13.26 ,,Dec
2013,Jan,141.9,136.5, 0.62 , 9.0 , 11.9 ,143.8,138.1, 1.4 , 11.3 , 13.7 ,142.3,136.0, 0.8 , 10.1 , 11.1 ,140.3,136.6, 0.52 , 8.60 , 12.76 ,,13-Jan
,Feb,143.0,137.5, 0.75 , 9.5 , 11.7 ,143.8,139.3, 0.0 , 11.2 , 13.7 ,143.3,137.2, 0.7 , 11.0 , 11.2 ,140.5,137.5, 0.12 , 8.61 , 12.45 ,,Feb
,Mar,144.0,138.4, 0.71 , 8.6 , 11.4 ,144.8,140.2, 0.7 , 7.2 , 13.0 ,144.6,138.3, 1.0 , 9.5 , 11.0 ,142.9,138.2, 1.71 , 6.26 , 11.73 ,,Mar
,Apr,144.8,139.4, 0.55 , 9.1 , 11.1 ,144.5,140.9,-0.2 , 6.9 , 12.3 ,145.6,139.4, 0.6 , 10.0 , 10.8 ,142.3,138.9,-0.44 , 5.63 , 10.99 ,,Apr
,May,145.8,140.4, 0.67 , 9.0 , 10.8 ,145.2,141.6, 0.5 , 6.2 , 11.5 ,146.4,140.4, 0.5 , 9.3 , 10.5 ,141.9,139.3,-0.30 , 4.08 , 10.09 ,,May
,Jun,146.6,141.4, 0.59 , 8.4 , 10.4 ,145.5,142.3, 0.3 , 5.5 , 10.7 ,147.5,141.5, 0.7 , 9.6 , 10.4 ,142.2,139.8, 0.23 , 4.38 , 9.30 ,,Jun
,Jul,147.4,142.4, 0.54 , 8.7 , 10.0 ,147.2,143.0, 1.2 , 6.6 , 10.0 ,148.4,142.6, 0.7 , 10.0 , 10.2 ,145.1,140.5, 2.04 , 6.28 , 8.68 ,,Jul
,Aug,147.8,143.3, 0.25 , 8.2 , 9.8 ,149.1,143.9, 1.3 , 7.2 , 9.4 ,149.2,143.7, 0.5 , 9.7 , 10.2 ,146.3,141.3, 0.85 , 6.76 , 8.16 ,,Aug
,Sep,148.9,144.2, 0.75 , 8.0 , 9.5 ,150.0,144.7, 0.6 , 7.4 , 8.9 ,150.4,144.8, 0.9 , 9.4 , 10.1 ,147.8,142.1, 1.04 , 7.38 , 7.78 ,,Sep
,Oct,150.0,145.1, 0.75 , 7.8 , 9.2 ,150.9,145.6, 0.6 , 7.6 , 8.6 ,151.6,145.9, 0.8 , 9.2 , 10.0 ,148.6,143.0, 0.52 , 7.63 , 7.49 ,,Oct
,Nov,151.1,146.1, 0.72 , 7.9 , 8.8 ,151.8,146.5, 0.6 , 7.8 , 8.1 ,152.9,146.9, 0.8 , 9.31 , 9.8 ,149.5,143.9, 0.62 , 7.79 , 7.14 ,,Nov
,Dec,152.3,147.0, 0.78 , 8.0 , 8.5 ,153.0,147.5, 0.8 , 7.9 , 7.7 ,154.3,148.0, 0.9 , 9.25 , 9.7 ,150.8,144.9, 0.85 , 8.02 , 6.78 ,,Dec
2014,Jan,153.3,147.9, 0.64 , 8.0 , 8.4 ,153.3,148.3, 0.2 , 6.6 , 7.3 ,155.5,149.1, 0.8 , 9.27 , 9.6 ,150.7,145.7,-0.07 , 7.39 , 6.68 ,,14-Jan
,Feb,154.0,148.8, 0.50 , 7.7 , 8.3 ,154.1,149.1, 0.5 , 7.2 , 7.0 ,156.5,150.2, 0.6 , 9.2 , 9.5 ,151.8,146.7, 0.71 , 8.02 , 6.65 ,,Feb
,Mar,155.2,149.8, 0.78 , 7.8 , 8.2 ,154.7,149.9, 0.4 , 6.8 , 7.0 ,158.0,151.3, 1.0 , 9.3 , 9.5 ,152.5,147.5, 0.50 , 6.74 , 6.69 ,,Mar
,Apr,156.2,150.7, 0.62 , 7.9 , 8.1 ,155.3,150.8, 0.4 , 7.5 , 7.0 ,159.3,152.5, 0.8 , 9.4 , 9.4 ,153.1,148.4, 0.38 , 7.61 , 6.85 ,,Apr
,May,157.4,151.7, 0.78 , 8.0 , 8.0 ,156.3,151.8, 0.6 , 7.7 , 7.2 ,160.6,153.7, 0.8 , 9.7 , 9.4 ,154.0,149.4, 0.58 , 8.56 , 7.22 ,,May
,Jun,158.6,152.7, 0.77 , 8.2 , 8.0 ,157.4,152.8, 0.7 , 8.1 , 7.4 ,161.9,154.9, 0.8 , 9.8 , 9.5 ,155.0,150.4, 0.64 , 9.01 , 7.61 ,,Jun
,Jul,159.7,153.7, 0.65 , 8.3 , 8.0 ,157.7,153.6, 0.2 , 7.1 , 7.4 ,163.1,156.1, 0.8 , 9.9 , 9.5 ,155.4,151.3, 0.23 , 7.08 , 7.67 ,,Jul
,Aug,160.4,154.8,0.5,8.5,8.0,158.4,154.4,0.4,6.3,7.33,164.0,157.3,0.6,9.96,9.48,156.0,152.1, 0.44 , 6.64 , 7.65 ,,Aug
,Sep,161.3,155.8,0.6,8.3,8.0,159.4,155.2,0.6,6.3,7.23,165.0,158.5,0.6,9.68,9.50,157.1,152.9, 0.66 , 6.24 , 7.55 ,,Sep
,Oct,162.1,156.8,0.5,8.1,8.0,160.3,156.0,0.6,6.3,7.12,165.8,159.7,0.5,9.34,9.51,158.0,153.7, 0.59 , 6.31 , 7.44 ,,Oct
,Nov,163.1,157.8,0.6,7.9,8.0,161.3,156.8,0.6,6.3,6.99,166.8,160.9,0.6,9.14,9.49,158.9,154.4, 0.60 , 6.28 , 7.31 ,,Nov
,Dec,164.4,158.8,0.8,8.0,8.0,162.5,157.6,0.8,6.2,6.85,168.4,162.1,0.9,9.15,9.48,160.2,155.2, 0.82 , 6.25 , 7.16 ,,Dec
2015,Jan,165.8,159.9,0.8,8.2,8.1,163.7,158.4,0.7,6.8,6.86,169.8,163.3,0.9,9.21,9.47,161.4,156.1, 0.73 , 7.11 , 7.14 ,,15-Jan
,Feb,166.9,160.9,0.7,8.4,8.1,164.8,159.3,0.7,7.0,6.85,171.1,164.5,0.7,9.36,9.49,162.5,157.0, 0.69 , 7.08 , 7.06 ,,Feb
,Mar,168.4,162.0,0.9,8.5,8.2,166.2,160.3,0.8,7.5,6.91,172.8,165.7,1.0,9.38,9.49,163.9,158.0, 0.86 , 7.47 , 7.12 ,,Mar
,Apr,169.7,163.2,0.8,8.7,8.2,167.2,161.3,0.6,7.7,6.92,174.4,167.0,0.9,9.49,9.50,164.9,158.9, 0.57 , 7.68 , 7.13 ,,Apr
,May,171.6,164.3,1.1,9.0,8.3,169.2,162.4,1.2,8.3,6.97,176.3,168.3,1.1,9.78,9.51,166.7,160.0, 1.14 , 8.27 , 7.12 ,,May
,Jun,173.2,165.5,0.9,9.2,8.4,170.6,163.5,0.8,8.4,7.01,178.1,169.6,1.1,10.04,9.53,167.9,161.1, 0.72 , 8.36 , 7.07 ,,Jun
,Jul,174.4,166.8,0.7,9.2,8.5,171.6,164.6,0.6,8.8,7.15,179.5,171.0,0.8,10.05,9.55,168.9,162.2, 0.59 , 8.74 , 7.22 ,,Jul
,Aug,175.4,168.0,0.6,9.3,8.6,172.7,165.8,0.6,9.0,7.38,180.6,172.4,0.6,10.13,9.57,169.8,163.4, 0.54 , 8.84 , 7.40 ,,Aug
,Sep,176.5,169.3,0.6,9.4,8.7,173.7,167.0,0.6,8.9,7.61,181.8,173.8,0.6,10.17,9.61,170.8,164.5, 0.59 , 8.77 , 7.61 ,,Sep
,Oct,177.2,170.5,0.4,9.3,8.8,174.4,168.2,0.4,8.7,7.81,182.6,175.2,0.5,10.13,9.68,171.5,165.6, 0.40 , 8.57 , 7.80 ,,Oct
,Nov,178.4,171.8,0.7,9.37,8.9,175.3,169.3,0.6,8.7,8.02,184.1,176.6,0.8,10.32,9.78,172.4,166.8, 0.52 , 8.49 , 7.98 ,,Nov
,Dec,180.1,173.1,1.0,9.55,9.0,176.7,170.5,0.8,8.7,8.22,186.2,178.1,1.2,10.59,9.90,173.8,167.9, 0.78 , 8.44 , 8.16 ,,Dec
2016,Jan,181.7,174.5,0.9,9.62,9.1,178.2,171.7,0.8,8.8,8.39,187.9,179.6,0.9,10.64,10.02,175.2,169.0, 0.82 , 8.53 , 8.28 ,,16-Jan
,Feb,185.9,176.0,2.3,11.38,9.4,183.0,173.2,2.7,11.0,8.73,190.5,181.2,1.4,11.35,10.18,177.9,170.3, 1.58 , 9.48 , 8.48 ,,Feb
,Mar,189.9,177.8,2.2,12.77,9.8,186.4,174.9,1.9,12.2,9.13,194.9,183.1,2.3,12.74,10.47,180.8,171.7, 1.62 , 10.31 , 8.72 ,,Mar
,Apr,193.0,179.8,1.6,13.72,10.2,189.5,176.8,1.7,13.4,9.61,197.4,185.0,1.3,13.19,10.79,182.7,173.2, 1.01 , 10.79 , 8.98 ,,Apr
,May,198.3,182.0,2.8,15.58,10.7,194.7,178.9,2.7,15.1,10.20,202.5,187.2,2.6,14.86,11.22,187.3,174.9, 2.52 , 12.30 , 9.32 ,,May
,Jun,201.7,184.4,1.71,16.48,11.4,198.3,181.2,1.83,16.2,10.86,205.4,189.4,1.44,15.30,11.67,190.3,176.8, 1.63 , 13.32 , 9.75 ,,Jun
,Jul,204.2,186.9,1.25,17.13,12.0,200.7,183.6,1.22,16.9,11.55,207.9,191.8,1.21,15.80,12.16,192.0,178.7, 0.86 , 13.63 , 10.17 ,,Jul
,Aug,206.3,189.4,1.01,17.61,12.7,202.4,186.1,0.85,17.2,12.25,210.3,194.3,1.17,16.43,12.70,193.4,180.7, 0.75 , 13.88 , 10.59 ,,Aug
,Sep,208.0,192.1,0.81,17.85,13.5,204.3,188.7,0.96,17.7,12.98,212.0,196.8,0.81,16.62,13.24,195.0,182.7, 0.81 , 14.12 , 11.04 ,,Sep
,Oct,209.7,194.8,0.83,18.33,14.2,205.9,191.3,0.75,18.1,13.76,213.8,199.4,0.86,17.09,13.82,196.5,184.8, 0.80 , 14.58 , 11.54 ,,Oct
,Nov,211.3,197.5,0.78,18.48,15.0,207.3,194.0,0.71,18.2,14.54,215.7,202.0,0.88,17.19,14.39,198.1,186.9, 0.78 , 14.87 , 12.07 ,,Nov
,Dec,213.6,200.3,1.06,18.55,15.7,208.6,196.6,0.62,18.1,15.31,218.6,204.7,1.33,17.39,14.95,199.3,189.0, 0.63 , 14.70 , 12.59 ,,Dec
2017,Jan,215.7,203.1,1.01,18.72,16.4,210.0,199.3,0.68,17.9,16.04,221.4,207.5,1.29,17.82,15.54,200.6,191.2, 0.67 , 14.54 , 13.08 ,,17-Jan
,Feb,218.9,205.9,1.49,17.78,17.0,212.3,201.7,1.10,16.0,16.44,225.8,210.5,1.99,18.53,16.13,202.8,193.2, 1.08 , 13.97 , 13.44 ,,Feb
,Mar,222.7,208.6,1.72,17.26,17.3,215.1,204.1,1.32,15.4,16.68,230.8,213.5,2.21,18.44,16.60,205.4,195.3, 1.28 , 13.58 , 13.71 ,,Mar
,Apr,226.3,211.4,1.60,17.24,17.6,217.5,206.4,1.10,14.8,16.77,235.5,216.6,2.04,19.30,17.11,207.8,197.4, 1.14 , 13.74 , 13.94 ,,Apr
,May,230.5,214.1,1.88,16.25,17.63,220.0,208.5,1.17,13.0,16.57,241.5,219.9,2.54,19.27,17.48,210.1,199.3, 1.13 , 12.20 , 13.91 ,,May
,Jun,234.2,216.8,1.58,16.10,17.58,223.0,210.6,1.32,12.5,16.22,246.3,223.3,1.99,19.91,17.87,213.2,201.2, 1.47 , 12.02 , 13.79 ,,Jun
,Jul,237.0,219.5,1.21,16.05,17.47,225.2,212.6,1.00,12.2,15.80,250.0,226.8,1.52,20.28,18.25,215.7,203.2, 1.16 , 12.35 , 13.68 ,,Jul
,Aug,239.3,222.3,0.97,16.01,17.33,227.3,214.7,0.93,12.3,15.37,252.9,230.4,1.14,20.25,18.57,218.0,205.2, 1.07 , 12.70 , 13.57 ,,Aug
,Sep,241.2,225.0,0.78,15.98,17.17,229.1,216.8,0.80,12.1,14.90,255.1,233.9,0.87,20.32,18.88,219.8,207.3, 0.82 , 12.72 , 13.45 ,,Sep
,Oct,243.0,227.8,0.76,15.91,16.97,230.9,218.9,0.76,12.1,14.41,257.2,237.6,0.85,20.31,19.14,221.5,209.4, 0.80 , 12.72 , 13.30 ,,Oct
,Nov,244.9,230.6,0.78,15.90,16.76,232.6,221.0,0.77,12.2,13.93,259.5,241.2,0.88,20.31,19.39,223.3,211.5, 0.80 , 12.75 , 13.13 ,,Nov
,Dec,246.4,233.4,0.59,15.37,16.50,233.8,223.1,0.51,12.1,13.46,261.0,244.8,0.58,19.42,19.55,224.4,213.5, 0.50 , 12.60 , 12.97 ,,Dec
2018,Jan,248.4,236.1,0.80,15.13,16.22,235.4,225.2,0.68,12.1,13.01,263.3,248.2,0.87,18.92,19.62,226.1,215.7, 0.75 , 12.68 , 12.82 ,,18-Jan
,Feb,250.3,238.7,0.79,14.33,15.93,237.2,227.3,0.75,11.7,12.67,265.5,251.6,0.85,17.59,19.52,227.8,217.8, 0.78 , 12.34 , 12.69 ,,Feb
,Mar,252.4,241.2,0.84,13.34,15.60,239.2,229.3,0.84,11.2,12.33,267.9,254.6,0.90,16.08,19.29,229.7,219.8, 0.83 , 11.85 , 12.55 ,,Mar
,Apr,254.5,243.5,0.83,12.48,15.20,241.3,231.2,0.87,10.9,12.02,270.4,257.5,0.91,14.80,18.89,231.9,221.8, 0.96 , 11.64 , 12.38 ,,Apr
,May,257.3,245.7,1.09,11.61,14.79,243.6,233.2,0.98,10.7,11.83,273.9,260.3,1.33,13.45,18.36,234.5,223.8, 1.09 , 11.60 , 12.32 ,,May
,June,260.5,247.9,1.24,11.23,14.37,246.1,235.1,1.03,10.4,11.65,278.2,262.9,1.57,12.98,17.75,237.1,225.8, 1.10 , 11.19 , 12.25 ,,June
,July,263.4,250.1,1.13,11.14,13.95,248.1,237.1,0.81,10.2,11.48,282.2,265.6,1.40,12.85,17.10,239.0,227.8, 0.81 , 10.81 , 12.11 ,,July
,August,266.2,252.4,1.05,11.23,13.55,250.1,239.0,0.78,10.0,11.28,286.2,268.4,1.42,13.16,16.50,241.1,229.7, 0.90 , 10.62 , 11.93 ,,August
,September,268.4,254.6,0.84,11.28,13.16,251.7,240.8,0.64,9.8,11.09,289.0,271.2,1.00,13.31,15.92,242.8,231.6, 0.69 , 10.48 , 11.74 ,,September
,October,270.4,256.9,0.74,11.26,12.78,253.7,242.7,0.80,9.9,10.90,291.4,274.0,0.82,13.28,15.36,244.8,233.5, 0.81 , 10.49 , 11.56 ,,October
,November,272.6,259.2,0.80,11.28,12.41,255.4,244.6,0.68,9.8,10.70,294.0,276.9,0.90,13.30,14.80,246.6,235.5, 0.75 , 10.44 , 11.37 ,,November
,December,274.6,261.6,0.74,11.44,12.10,256.7,246.5,0.50,9.8,10.51,296.4,279.9,0.81,13.56,14.35,247.8,237.4, 0.49 , 10.43 , 11.19 ,,December
2019,January,276.6,263.9,0.74,11.37,11.80,258.8,248.5,0.81,9.9,10.34,298.9,282.8,0.83,13.51,13.93,250.1,239.4, 0.92 , 10.62 , 11.02 ,,January
,February,278.6,266.3,0.73,11.31,11.56,260.4,250.4,0.65,9.8,10.19,301.3,285.8,0.82,13.47,13.62,251.8,241.4, 0.70 , 10.53 , 10.88 ,,February
,March,280.8,268.7,0.79,11.25,11.40,261.8,252.3,0.53,9.5,10.04,303.9,288.8,0.88,13.45,13.42,253.3,243.4, 0.56 , 10.24 , 10.75 ,,March
,April,283.5,271.1,0.94,11.37,11.31,263.7,254.2,0.70,9.3,9.91,307.4,291.9,1.14,13.70,13.34,255.0,245.3, 0.69 , 9.94 , 10.61 ,,April
,May,286.6,273.5,1.11,11.40,11.299,265.6,256.0,0.75,9.0,9.77,311.7,295.1,1.41,13.79,13.37,257.1,247.2, 0.81 , 9.64 , 10.44 ,,May
,June,289.7,275.9,1.07,11.22,11.297,267.9,257.8,0.85,8.84,9.64,316.0,298.2,1.36,13.56,13.42,259.2,249.0, 0.84 , 9.35 , 10.29 ,,June
,July,292.6,278.4,1.01,11.08,11.291,270.0,259.6,0.77,8.80,9.52,319.9,301.3,1.26,13.39,13.46,261.5,250.9, 0.87 , 9.42 , 10.17 ,,July
,August,295.5,280.8,0.99,11.02,11.271,271.8,261.4,0.67,8.68,9.41,323.9,304.5,1.22,13.17,13.46,263.4,252.8, 0.72 , 9.22 , 10.05 ,,August
,September,298.6,283.3,1.04,11.24,11.27,274.2,263.3,0.89,8.94,9.34,328.1,307.7,1.30,13.51,13.47,265.7,254.7, 0.88 , 9.43 , 9.97 ,,September
,October,301.8,286.0,1.07,11.61,11.30,276.2,265.2,0.74,8.88,9.25,332.4,311.2,1.33,14.09,13.54,267.9,256.6, 0.83 , 9.45 , 9.88 ,,October
,November,304.9,288.6,1.02,11.85,11.35,278.4,267.1,0.79,8.99,9.19,336.6,314.7,1.25,14.48,13.65,270.0,258.6, 0.78 , 9.48 , 9.80 ,,November
,December,307.5,291.4,0.85,11.98,11.40,280.6,269.1,0.81,9.33,9.15,339.9,318.3,0.97,14.67,13.74,272.5,260.6, 0.91 , 9.95 , 9.76 ,,December
2020,January,310.2,294.2,0.87,12.13,11.46,282.9,271.1,0.82,9.35,9.11,343.2,322.0,0.99,14.85,13.86,274.6,262.7, 0.80 , 9.81 , 9.70 ,,January
,February,312.6,297.0,0.79,12.20,11.54,285.0,273.2,0.73,9.43,9.09,346.2,325.8,0.87,14.90,13.98,276.9,264.8, 0.83 , 9.95 , 9.66 ,,February
,March,315.2,299.9,0.84,12.26,11.62,287.3,275.3,0.80,9.73,9.11,349.5,329.6,0.94,14.98,14.11,279.1,266.9, 0.81 , 10.22 , 9.66 ,,March
,April,318.4,302.8,1.02,12.34,11.71,290.0,277.5,0.93,9.98,9.17,353.6,333.4,1.18,15.03,14.22,282.0,269.2, 1.01 , 10.57 , 9.72 ,,April
,May,322.2,305.8,1.17,12.40,11.79,292.5,279.7,0.88,10.12,9.27,358.6,337.3,1.42,15.04,14.33,284.6,271.4, 0.93 , 10.70 , 9.81 ,,May
,June,326.1,308.8,1.21,12.56,11.90,295.0,282.0,0.86,10.13,9.37,363.9,341.3,1.48,15.18,14.46,287.1,273.8, 0.89 , 10.75 , 9.93 ,,June
,July,330.1,311.9,1.25,12.82,12.05,297.2,284.3,0.75,10.10,9.48,369.5,345.4,1.52,15.48,14.63,289.3,276.1, 0.76 , 10.64 , 10.03 ,,July
,August,334.6,315.2,1.34,13.22,12.23,300.3,286.6,1.05,10.52,9.64,375.7,349.8,1.67,16.00,14.87,292.5,278.5, 1.12 , 11.07 , 10.18 ,,August
,September,339.5,318.6,1.48,13.71,12.44,303.2,289.1,0.94,10.58,9.77,382.7,354.3,1.88,16.66,15.13,295.4,281.0, 0.97 , 11.16 , 10.33 ,,September
,October,344.7,322.2,1.54,14.23,12.66,307.0,291.6,1.25,11.14,9.96,390.2,359.1,1.96,17.38,15.42,299.3,283.6, 1.32 , 11.71 , 10.52 ,,October
,November,350.3,325.9,1.60,14.89,12.92,309.1,294.2,0.71,11.05,10.14,398.2,364.3,2.04,18.30,15.75,301.3,286.2, 0.68 , 11.60 , 10.69 ,,November
,December,355.9,330.0,1.61,15.75,13.25,312.6,296.8,1.10,11.37,10.31,406.4,369.8,2.05,19.56,16.17,304.7,288.9, 1.13 , 11.83 , 10.85 ,,December
2021,January,361.2,334.2,1.49,16.47,13.62,316.5,299.6,1.26,11.85,10.52,413.8,375.7,1.83,20.57,16.66,309.0,291.8, 1.39 , 12.50 , 11.08 ,,January
,February,366.8,338.8,1.54,17.33,14.05,320.3,302.6,1.21,12.38,10.77,421.6,382.0,1.89,21.79,17.25,312.8,294.7, 1.26 , 12.98 , 11.33 ,,February
,March,372.5,343.5,1.56,18.17,14.55,323.7,305.6,1.06,12.67,11.01,429.7,388.7,1.90,22.95,17.93,316.1,297.8, 1.03 , 13.22 , 11.58 ,,March
,April,376.1,348.3,0.97,18.12,15.04,326.9,308.7,0.99,12.74,11.25,433.9,395.3,0.99,22.72,18.58,319.5,301.0, 1.08 , 13.30 , 11.81 ,,April
,May,379.9,353.2,1.01,17.93,15.50,331.0,311.9,1.24,13.15,11.50,438.5,402.0,1.05,22.28,19.18,323.7,304.2, 1.34 , 13.76 , 12.07 ,,May
,June,384.0,358.0,1.06,17.75,15.93,333.6,315.1,0.81,13.09,11.75,443.4,408.6,1.11,21.83,19.72,326.4,307.5, 0.82 , 13.68 , 12.32 ,,June
,July,387.5,362.8,0.93,17.38,16.30,338.0,318.5,1.31,13.72,12.05,447.2,415.1,0.86,21.03,20.16,331.1,311.0, 1.44 , 14.45 , 12.64 ,,July
,August,391.5,367.5,1.02,17.01,16.60,340.6,321.9,0.77,13.41,12.29,451.9,421.5,1.06,20.30,20.50,333.4,314.4, 0.69 , 13.98 , 12.88 ,,August
,September,396.0,372.2,1.15,16.63,16.83,344.8,325.3,1.24,13.74,12.55,457.6,427.7,1.26,19.57,20.71,337.8,317.9, 1.31 , 14.36 , 13.14 ,,September
,October,399.9,376.8,0.98,15.99,16.96,347.6,328.7,0.80,13.24,12.73,461.8,433.7,0.91,18.34,20.75,340.5,321.4, 0.81 , 13.78 , 13.31 ,,October
,November,404.2,381.3,1.08,15.40,16.98,352.0,332.3,1.26,13.85,12.96,466.7,439.4,1.07,17.21,20.62,344.7,325.0, 1.23 , 14.41 , 13.54 ,,November
,December,411.5,385.9,1.82,15.63,16.95,355.9,335.9,1.12,13.87,13.16,477.0,445.3,2.19,17.37,20.40,348.4,328.6, 1.07 , 14.35 , 13.75 ,,December
2022,January,417.6,390.6,1.47,15.60,16.87,360.4,339.6,1.25,13.87,13.33,484.7,451.2,1.62,17.13,20.09,352.7,332.3, 1.23 , 14.16 , 13.88 ,,January
,February,424.4,395.4,1.63,15.70,16.73,365.2,343.3,1.33,14.01,13.46,493.8,457.2,1.87,17.11,19.69,357.5,336.0, 1.36 , 14.28 , 13.99 ,,February
,March,431.8,400.4,1.74,15.92,16.54,368.8,347.1,0.98,13.91,13.56,503.6,463.3,1.99,17.20,19.21,360.5,339.7, 0.83 , 14.05 , 14.05 ,,March
,April,439.4,405.6,1.76,16.82,16.45,373.3,350.9,1.22,14.18,13.68,513.6,470.0,2.00,18.37,18.88,364.6,343.4, 1.16 , 14.14 , 14.12 ,,April
,May,447.2,411.2,1.78,17.71,16.45,380.3,355.0,1.87,14.90,13.83,524.0,477.1,2.01,19.50,18.68,371.8,347.5, 1.96 , 14.84 , 14.21 ,,May
,June,455.4,417.2,1.82,18.60,16.54,386.2,359.4,1.56,15.75,14.06,534.7,484.7,2.05,20.60,18.62,377.6,351.7, 1.58 , 15.70 , 14.39 ,,June
,July,463.6,423.5,1.82,19.64,16.75,393.0,364.0,1.75,16.26,14.28,545.6,492.9,2.04,22.02,18.75,384.3,356.2, 1.76 , 16.06 , 14.53 ,,July
,August,471.8,430.2,1.77,20.52,17.07,399.2,368.9,1.59,17.20,14.60,556.4,501.6,1.98,23.12,19.02,390.5,360.9, 1.61 , 17.12 , 14.80 ,,August
,September,478.2,437.1,1.36,20.77,17.43,405.5,373.9,1.59,17.60,14.93,564.4,510.5,1.43,23.34,19.36,396.9,365.8, 1.64 , 17.49 , 15.07 ,,September
,October,484.2,444.1,1.24,21.09,17.86,409.3,379.1,0.93,17.76,15.31,571.3,519.6,1.23,23.72,19.83,400.0,370.8, 0.78 , 17.46 , 15.38 ,,October
,November,490.9,451.3,1.39,21.47,18.37,416.2,384.4,1.67,18.24,15.69,579.3,529.0,1.40,24.13,20.41,406.7,376.0, 1.69 , 17.99 , 15.69 ,,November
,December,499.4,458.7,1.71,21.34,18.85,421.7,389.9,1.33,18.49,16.08,590.2,538.5,1.89,23.75,20.94,411.9,381.2, 1.26 , 18.21 , 16.02 ,,December
2023,January,508.7,466.3,1.87,21.82,19.36,429.4,395.7,1.82,19.16,16.52,602.5,548.3,2.08,24.32,21.53,419.3,386.8, 1.80 , 18.88 , 16.41 ,,January
,February,517.4,474.0,1.71,21.91,19.87,434.0,401.4,1.06,18.84,16.92,614.0,558.3,1.90,24.35,22.12,423.1,392.3, 0.92 , 18.37 , 16.75 ,,February
,March,527.0,481.9,1.86,22.04,20.37,442.0,407.5,1.84,19.86,17.41,626.7,568.6,2.07,24.45,22.72,431.2,398.2, 1.91 , 19.63 , 17.22 ,,March
,April,537.0,490.1,1.91,22.22,20.82,448.4,413.8,1.46,20.14,17.91,640.0,579.1,2.13,24.61,23.22,437.4,404.2, 1.44 , 19.96 , 17.70 ,,April
,May,547.5,498.4,1.94,22.41,21.20,456.5,420.1,1.81,20.06,18.33,654.1,589.9,2.19,24.82,23.65,445.5,410.4, 1.85 , 19.83 , 18.11 ,,May
,June,559.1,507.1,2.13,22.79,21.54,464.5,426.6,1.74,20.27,18.71,669.7,601.2,2.40,25.25,24.03,453.4,416.7, 1.77 , 20.06 , 18.47 ,,June
,July,575.3,516.4,2.89,24.08,21.92,474.7,433.4,2.20,20.80,19.08,692.9,613.5,3.45,26.98,24.46,463.0,423.2, 2.11 , 20.47 , 18.84 ,,July
,August,593.6,526.5,3.18,25.80,22.38,485.2,440.6,2.21,21.54,19.45,719.7,627.1,3.87,29.34,25.01,473.0,430.1, 2.18 , 21.15 , 19.18 ,,August
,September,606.0,537.2,2.10,26.72,22.90,495.2,448.1,2.06,22.10,19.83,737.3,641.5,2.45,30.64,25.65,483.6,437.3, 2.22 , 21.84 , 19.55 ,,September
,October,616.5,548.2,1.73,27.33,23.44,502.2,455.8,1.42,22.69,20.25,751.4,656.5,1.91,31.52,26.33,490.3,444.9, 1.39 , 22.58 , 19.98 ,,October
,November,629.4,559.7,2.09,28.20,24.01,510.0,463.6,1.56,22.55,20.61,769.6,672.3,2.42,32.84,27.09,497.8,452.5, 1.53 , 22.38 , 20.35 ,,November
,December,643.8,571.8,2.29,28.92,24.66,519.0,471.8,1.76,23.07,20.99,790.5,689.0,2.72,33.93,27.96,506.9,460.4, 1.82 , 23.06 , 20.76 ,,December
,January,660.8,584.4,2.64,29.90,25.35,530.0,480.1,2.13,23.44,21.35,815.9,706.8,3.21,35.41,28.91,518.2,468.6, 2.24 , 23.59 , 21.15 ,,January
,February,681.4,598.1,3.12,31.70,26.18,541.0,489.1,2.08,24.67,21.84,846.8,726.2,3.79,37.92,30.07,529.5,477.5, 2.17 , 25.13 , 21.72 ,,February
,March,701.9,612.7,3.02,33.20,27.13,554.2,498.4,2.43,25.39,22.31,877.5,747.1,3.62,40.01,31.40,542.9,486.8, 2.54 , 25.90 , 22.26 ,,March
,April,718.0,627.8,2.29,33.69,28.10,565.8,508.2,2.10,26.18,22.82,899.5,768.7,2.50,40.53,32.74,554.8,496.6, 2.20 , 26.84 , 22.84 ,,April
